steps,seconds,episode_length,episode_return
100000,33,116,252.8
200000,66,118,259.8
300000,98,116,255.7
400000,128,116,254.9
500000,158,130,288.4
600000,189,162,369.0
700000,221,162,370.8
800000,255,156,355.4
900000,288,163,372.2
1000000,320,173,397.4
1100000,351,165,373.7
1200000,382,159,360.9
1300000,416,168,384.8
1400000,449,172,393.1
1500000,482,171,393.7
1600000,514,171,392.0
1700000,550,176,399.0
1800000,583,177,404.8
1900000,616,166,373.0
2000000,649,176,400.2
2100000,682,172,389.8
2200000,714,172,388.9
2300000,750,168,378.4
2400000,784,168,378.6
2500000,815,168,376.7
2600000,845,172,387.7
2700000,875,177,402.3
2800000,905,176,397.5
2900000,936,175,391.7
3000000,967,164,364.8
